,Organism Name,Clade Level 1,Clade Level 2,Clade Level 3,Clade Level 4,Clade Level 5,Clade Level 6,Clade Level 7,Clade Level 8
0,bacterium symbiont of Theonella swinhoei pTSMAC1,,,,,,,,
1,Chitinophaga pinensis DSM 2588,,,,,,,,
2,Catenulispora acidiphila DSM 44928,Terrabacteria_group,Actinomycetes,,,,,,
3,Cutibacterium acnes KPA171202,Terrabacteria_group,Actinomycetes,,,,,,
4,Corynebacterium urealyticum DSM 7111,Terrabacteria_group,Actinomycetes,Mycobacteriales,,,,,
5,Nocardia sp. ATCC 202099,Terrabacteria_group,Actinomycetes,Mycobacteriales,Nocardiaceae,Nocardia,,,
6,Nocardia terpenica,Terrabacteria_group,Actinomycetes,Mycobacteriales,Nocardiaceae,Nocardia,,,
7,Rhodococcus jostii,Terrabacteria_group,Actinomycetes,Mycobacteriales,Nocardiaceae,,,,
8,Actinoplanes garbadinensis,Terrabacteria_group,Actinomycetes,Micromonosporaceae,,,,,
9,Micromonospora arborensis,Terrabacteria_group,Actinomycetes,Micromonosporaceae,Micromonospora,,,,
10,Micromonospora carbonacea,Terrabacteria_group,Actinomycetes,Micromonosporaceae,Micromonospora,,,,
11,Nocardiopsis alba DSM 43377,Terrabacteria_group,Actinomycetes,Streptosporangiales,Nocardiopsaceae,Nocardiopsis,,,
12,Nocardiopsis sp. TFS65-07,Terrabacteria_group,Actinomycetes,Streptosporangiales,Nocardiopsaceae,Nocardiopsis,,,
13,Marinactinospora thermotolerans,Terrabacteria_group,Actinomycetes,Streptosporangiales,Nocardiopsaceae,,,,
14,Thermobifida fusca YX,Terrabacteria_group,Actinomycetes,Streptosporangiales,Nocardiopsaceae,,,,
15,Streptomonospora alba,Terrabacteria_group,Actinomycetes,Streptosporangiales,Nocardiopsaceae,,,,
16,Actinomadura atramentaria DSM 43919,Terrabacteria_group,Actinomycetes,Streptosporangiales,Actinomadura,,,,
17,Actinomadura namibiensis,Terrabacteria_group,Actinomycetes,Streptosporangiales,Actinomadura,,,,
18,Nonomuraea sp. Bp3714-39,Terrabacteria_group,Actinomycetes,Streptosporangiales,Streptosporangiaceae,unclassified_Nonomuraea,,,
19,Nonomuraea sp. WU8817,Terrabacteria_group,Actinomycetes,Streptosporangiales,Streptosporangiaceae,unclassified_Nonomuraea,,,
20,Thermobispora bispora DSM 43833,Terrabacteria_group,Actinomycetes,Streptosporangiales,Streptosporangiaceae,,,,
21,Planomonospora sphaerica,Terrabacteria_group,Actinomycetes,Streptosporangiales,Streptosporangiaceae,Planomonospora,,,
22,Planomonospora alba,Terrabacteria_group,Actinomycetes,Streptosporangiales,Streptosporangiaceae,Planomonospora,,,
23,Microbispora corallina,Terrabacteria_group,Actinomycetes,Streptosporangiales,Streptosporangiaceae,,,,
24,Planobispora rosea,Terrabacteria_group,Actinomycetes,Streptosporangiales,Streptosporangiaceae,,,,
25,Streptantibioticus cattleyicolor NRRL 8057 = DSM 46488,Terrabacteria_group,Actinomycetes,Streptomycetaceae,,,,,
26,Streptomyces triculaminicus,Terrabacteria_group,Actinomycetes,Streptomycetaceae,Streptomyces,,,,
27,Streptomyces huasconensis,Terrabacteria_group,Actinomycetes,Streptomycetaceae,Streptomyces,,,,
28,Streptomyces leeuwenhoekii,Terrabacteria_group,Actinomycetes,Streptomycetaceae,Streptomyces,,,,
29,Streptomyces malaysiense,Terrabacteria_group,Actinomycetes,Streptomycetaceae,Streptomyces,,,,
30,Streptomyces bernensis,Terrabacteria_group,Actinomycetes,Streptomycetaceae,Streptomyces,,,,
31,Streptomyces lactacystinaeus,Terrabacteria_group,Actinomycetes,Streptomycetaceae,Streptomyces,,,,
32,Streptomyces prunicolor NBRC 13075,Terrabacteria_group,Actinomycetes,Streptomycetaceae,Streptomyces,,,,
33,Streptomyces mobaraensis NBRC 13819 = DSM 40847,Terrabacteria_group,Actinomycetes,Streptomycetaceae,Streptomyces,,,,
34,Streptomyces collinus Tu 365,Terrabacteria_group,Actinomycetes,Streptomycetaceae,Streptomyces,,,,
35,Streptomyces uncialis,Terrabacteria_group,Actinomycetes,Streptomycetaceae,Streptomyces,,,,
36,Streptomyces venezuelae ATCC 10712,Terrabacteria_group,Actinomycetes,Streptomycetaceae,Streptomyces,,,,
37,Streptomyces bingchenggensis BCW-1,Terrabacteria_group,Actinomycetes,Streptomycetaceae,Streptomyces,,,,
38,Streptomyces scabiei 87.22,Terrabacteria_group,Actinomycetes,Streptomycetaceae,Streptomyces,,,,
39,Streptomyces viridochromogenes DSM 40736,Terrabacteria_group,Actinomycetes,Streptomycetaceae,Streptomyces,,,,
40,Streptomyces tateyamensis,Terrabacteria_group,Actinomycetes,Streptomycetaceae,Streptomyces,,,,
41,Streptomyces sviceus ATCC 29083,Terrabacteria_group,Actinomycetes,Streptomycetaceae,Streptomyces,,,,
42,Streptomyces filamentosus NRRL 15998,Terrabacteria_group,Actinomycetes,Streptomycetaceae,Streptomyces,,,,
43,Streptomyces lividans TK24,Terrabacteria_group,Actinomycetes,Streptomycetaceae,Streptomyces,,,,
44,Streptomyces olindensis,Terrabacteria_group,Actinomycetes,Streptomycetaceae,Streptomyces,,,,
45,Streptomyces avermitilis MA-4680 = NBRC 14893,Terrabacteria_group,Actinomycetes,Streptomycetaceae,Streptomyces,,,,
46,Streptomyces curacoi,Terrabacteria_group,Actinomycetes,Streptomycetaceae,Streptomyces,,,,
47,Streptomyces rimosus subsp. rimosus,Terrabacteria_group,Actinomycetes,Streptomycetaceae,Streptomyces,,,,
48,Streptomyces noursei,Terrabacteria_group,Actinomycetes,Streptomycetaceae,Streptomyces,,,,
49,Streptomyces mirabilis,Terrabacteria_group,Actinomycetes,Streptomycetaceae,Streptomyces,,,,
50,Streptomyces katrae,Terrabacteria_group,Actinomycetes,Streptomycetaceae,Streptomyces,,,,
51,Streptomyces cirratus,Terrabacteria_group,Actinomycetes,Streptomycetaceae,Streptomyces,,,,
52,Streptomyces varsoviensis,Terrabacteria_group,Actinomycetes,Streptomycetaceae,Streptomyces,,,,
53,Streptomyces sioyaensis,Terrabacteria_group,Actinomycetes,Streptomycetaceae,Streptomyces,,,,
54,Streptomyces achromogenes subsp. achromogenes,Terrabacteria_group,Actinomycetes,Streptomycetaceae,Streptomyces,,,,
55,Streptomyces aurantiacus JA 4570,Terrabacteria_group,Actinomycetes,Streptomycetaceae,Streptomyces,Streptomyces_aurantiacus_group,,,
56,Streptomyces canus,Terrabacteria_group,Actinomycetes,Streptomycetaceae,Streptomyces,Streptomyces_aurantiacus_group,,,
57,Streptomyces cinnamoneus,Terrabacteria_group,Actinomycetes,Streptomycetaceae,Streptomyces,,,,
58,Streptomyces humidus,Terrabacteria_group,Actinomycetes,Streptomycetaceae,Streptomyces,,,,
59,Streptomyces griseocarneus,Terrabacteria_group,Actinomycetes,Streptomycetaceae,Streptomyces,,,,
60,Streptomyces bottropensis,Terrabacteria_group,Actinomycetes,Streptomycetaceae,Streptomyces,,,,
61,Streptomyces nodosus,Terrabacteria_group,Actinomycetes,Streptomycetaceae,Streptomyces,,,,
62,Streptomyces laurentii,Terrabacteria_group,Actinomycetes,Streptomycetaceae,Streptomyces,,,,
63,Streptomyces pristinaespiralis,Terrabacteria_group,Actinomycetes,Streptomycetaceae,Streptomyces,,,,
64,Streptomyces sp. ZS0098,Terrabacteria_group,Actinomycetes,Streptomycetaceae,Streptomyces,unclassified_Streptomyces,,,
65,Streptomyces sp. CT34,Terrabacteria_group,Actinomycetes,Streptomycetaceae,Streptomyces,unclassified_Streptomyces,,,
66,Streptomyces sp. NRRL S-4,Terrabacteria_group,Actinomycetes,Streptomycetaceae,Streptomyces,unclassified_Streptomyces,,,
67,Streptomyces sp. NRRL WC-3908,Terrabacteria_group,Actinomycetes,Streptomycetaceae,Streptomyces,unclassified_Streptomyces,,,
68,Streptomyces sp. NRRL S-87,Terrabacteria_group,Actinomycetes,Streptomycetaceae,Streptomyces,unclassified_Streptomyces,,,
69,Streptomyces sp. NRRL S-146,Terrabacteria_group,Actinomycetes,Streptomycetaceae,Streptomyces,unclassified_Streptomyces,,,
70,Streptomyces sp. NRRL S-118,Terrabacteria_group,Actinomycetes,Streptomycetaceae,Streptomyces,unclassified_Streptomyces,,,
71,Streptomyces sp. NRRL S-1022,Terrabacteria_group,Actinomycetes,Streptomycetaceae,Streptomyces,unclassified_Streptomyces,,,
72,Streptomyces sp. NRRL F-5702,Terrabacteria_group,Actinomycetes,Streptomycetaceae,Streptomyces,unclassified_Streptomyces,,,
73,Streptomyces sp. WMMB 272,Terrabacteria_group,Actinomycetes,Streptomycetaceae,Streptomyces,unclassified_Streptomyces,,,
74,Streptomyces sp. BC16019,Terrabacteria_group,Actinomycetes,Streptomycetaceae,Streptomyces,unclassified_Streptomyces,,,
75,Streptomyces sp. ATCC 55365,Terrabacteria_group,Actinomycetes,Streptomycetaceae,Streptomyces,unclassified_Streptomyces,,,
76,Streptomyces sp. OH-4156,Terrabacteria_group,Actinomycetes,Streptomycetaceae,Streptomyces,unclassified_Streptomyces,,,
77,Streptomyces sp. e14,Terrabacteria_group,Actinomycetes,Streptomycetaceae,Streptomyces,unclassified_Streptomyces,,,
78,Streptomyces sp. FXJ1.264,Terrabacteria_group,Actinomycetes,Streptomycetaceae,Streptomyces,unclassified_Streptomyces,,,
79,Streptomyces sp. TP-A0584,Terrabacteria_group,Actinomycetes,Streptomycetaceae,Streptomyces,unclassified_Streptomyces,,,
80,Streptomyces sp.,Terrabacteria_group,Actinomycetes,Streptomycetaceae,Streptomyces,unclassified_Streptomyces,,,
81,Streptomyces hygroscopicus,Terrabacteria_group,Actinomycetes,Streptomycetaceae,Streptomyces,,,,
82,Streptomyces glaucescens,Terrabacteria_group,Actinomycetes,Streptomycetaceae,Streptomyces,,,,
83,Streptomyces cacaoi,Terrabacteria_group,Actinomycetes,Streptomycetaceae,Streptomyces,,,,
84,Streptomyces griseus subsp. griseus NBRC 13350,Terrabacteria_group,Actinomycetes,Streptomycetaceae,Streptomyces,Streptomyces_griseus_group,,,
85,Streptomyces olivoviridis,Terrabacteria_group,Actinomycetes,Streptomycetaceae,Streptomyces,Streptomyces_griseus_group,,,
86,Streptomyces globisporus subsp. globisporus,Terrabacteria_group,Actinomycetes,Streptomycetaceae,Streptomyces,Streptomyces_griseus_group,,,
87,Streptomyces anulatus,Terrabacteria_group,Actinomycetes,Streptomycetaceae,Streptomyces,Streptomyces_griseus_group,,,
88,Streptomyces albus,Terrabacteria_group,Actinomycetes,Streptomycetaceae,Streptomyces,,,,
89,Streptomyces coelicolor A3(2),Terrabacteria_group,Actinomycetes,Streptomycetaceae,Streptomyces,Streptomyces_albidoflavus_group,,,
90,Streptomyces albidoflavus,Terrabacteria_group,Actinomycetes,Streptomycetaceae,Streptomyces,Streptomyces_albidoflavus_group,,,
91,Streptomyces actuosus,Terrabacteria_group,Actinomycetes,Streptomycetaceae,Streptomyces,,,,
92,Kutzneria albida DSM 43870,Terrabacteria_group,Actinomycetes,Pseudonocardiaceae,,,,,
93,Amycolatopsis sp. YIM 10,Terrabacteria_group,Actinomycetes,Pseudonocardiaceae,Amycolatopsis,,,,
94,Amycolatopsis saalfeldensis,Terrabacteria_group,Actinomycetes,Pseudonocardiaceae,Amycolatopsis,,,,
95,Saccharopolyspora cebuensis,Terrabacteria_group,Actinomycetes,Pseudonocardiaceae,Saccharopolyspora,,,,
96,Saccharopolyspora erythraea NRRL 2338,Terrabacteria_group,Actinomycetes,Pseudonocardiaceae,Saccharopolyspora,,,,
97,Saccharopolyspora sp.,Terrabacteria_group,Actinomycetes,Pseudonocardiaceae,Saccharopolyspora,,,,
98,Actinokineospora spheciospongiae,Terrabacteria_group,Actinomycetes,Pseudonocardiaceae,Actinokineospora,,,,
99,Actinokineospora diospyrosa,Terrabacteria_group,Actinomycetes,Pseudonocardiaceae,Actinokineospora,,,,
100,Actinokineospora fastidiosa,Terrabacteria_group,Actinomycetes,Pseudonocardiaceae,Actinokineospora,,,,
101,Sanguibacter keddieii DSM 10542,Terrabacteria_group,Actinomycetes,Micrococcales,,,,,
102,Clavibacter michiganensis subsp. michiganensis NCPPB 382,Terrabacteria_group,Actinomycetes,Micrococcales,Microbacteriaceae,,,,
103,Microbacterium arborescens,Terrabacteria_group,Actinomycetes,Micrococcales,Microbacteriaceae,,,,
104,Kocuria rosea,Terrabacteria_group,Actinomycetes,Micrococcales,Kocuria,,,,
105,Kocuria varians,Terrabacteria_group,Actinomycetes,Micrococcales,Kocuria,,,,
106,Limnothrix sp. CACIAM 69d,Terrabacteria_group,Cyanophyceae,,,,,,
107,Microcystis aeruginosa EAWAG127a,Terrabacteria_group,Cyanophyceae,Oscillatoriophycideae,Microcystis_aeruginosa,,,,
108,Microcystis aeruginosa PCC 9432,Terrabacteria_group,Cyanophyceae,Oscillatoriophycideae,Microcystis_aeruginosa,,,,
109,Microcystis aeruginosa MRC,Terrabacteria_group,Cyanophyceae,Oscillatoriophycideae,Microcystis_aeruginosa,,,,
110,Microcystis aeruginosa NIES-298,Terrabacteria_group,Cyanophyceae,Oscillatoriophycideae,Microcystis_aeruginosa,,,,
111,Microcystis aeruginosa NIES-88,Terrabacteria_group,Cyanophyceae,Oscillatoriophycideae,Microcystis_aeruginosa,,,,
112,Microcystis aeruginosa PCC 7806,Terrabacteria_group,Cyanophyceae,Oscillatoriophycideae,Microcystis_aeruginosa,,,,
113,Microcystis aeruginosa PCC 7005,Terrabacteria_group,Cyanophyceae,Oscillatoriophycideae,Microcystis_aeruginosa,,,,
114,Planktothrix agardhii NIES-596,Terrabacteria_group,Cyanophyceae,Oscillatoriophycideae,Oscillatoriales,Microcoleaceae,Planktothrix_agardhii,,
115,Planktothrix agardhii NIVA-CYA 126/8,Terrabacteria_group,Cyanophyceae,Oscillatoriophycideae,Oscillatoriales,Microcoleaceae,Planktothrix_agardhii,,
116,Kamptonema sp. PCC 6506,Terrabacteria_group,Cyanophyceae,Oscillatoriophycideae,Oscillatoriales,Microcoleaceae,,,
117,Trichodesmium erythraeum IMS101,Terrabacteria_group,Cyanophyceae,Oscillatoriophycideae,Oscillatoriales,Microcoleaceae,,,
118,Oscillatoria nigro-viridis PCC 7112,Terrabacteria_group,Cyanophyceae,Oscillatoriophycideae,Oscillatoriales,,,,
119,Pleurocapsa sp. PCC 7327,Terrabacteria_group,Cyanophyceae,unclassified_Pleurocapsa,,,,,
120,Pleurocapsa sp. PCC 7319,Terrabacteria_group,Cyanophyceae,unclassified_Pleurocapsa,,,,,
121,Prochlorococcus marinus str. MIT 9313,Terrabacteria_group,Cyanophyceae,Synechococcales,,,,,
122,uncultured Prochloron sp. 06037A,Terrabacteria_group,Cyanophyceae,Synechococcales,Prochloron,environmental_samples,,,
123,uncultured Prochloron sp.,Terrabacteria_group,Cyanophyceae,Synechococcales,Prochloron,environmental_samples,,,
124,Prochloron didemni,Terrabacteria_group,Cyanophyceae,Synechococcales,Prochloron,,,,
125,Scytonema sp. UIC 10036,Terrabacteria_group,Cyanophyceae,Nostocales,,,,,
126,Sphaerospermopsis sp. LEGE 00249,Terrabacteria_group,Cyanophyceae,Nostocales,,,,,
127,Tolypothrix sp. PCC 7601,Terrabacteria_group,Cyanophyceae,Nostocales,,,,,
128,Nostoc spongiaeforme var. tenue str. Carmeli,Terrabacteria_group,Cyanophyceae,Nostocales,Nostocaceae,Nostoc,,,
129,Nostoc sp. UHCC-0398,Terrabacteria_group,Cyanophyceae,Nostocales,Nostocaceae,Nostoc,unclassified_Nostoc,,
130,Nostoc sp. TH1S01,Terrabacteria_group,Cyanophyceae,Nostocales,Nostocaceae,Nostoc,unclassified_Nostoc,,
131,Nostoc punctiforme PCC 73102,Terrabacteria_group,Cyanophyceae,Nostocales,Nostocaceae,Nostoc,,,
132,Anabaena sp. 90,Terrabacteria_group,Cyanophyceae,Nostocales,Nostocaceae,,,,
133,Desmonostoc sp. PCC 7906,Terrabacteria_group,Cyanophyceae,Nostocales,Nostocaceae,,,,
134,Listeria monocytogenes SLCC2540,Terrabacteria_group,Bacillota,Bacilli,Bacillales,Listeria_monocytogenes,,,
135,Listeria monocytogenes serotype 4b str. F2365,Terrabacteria_group,Bacillota,Bacilli,Bacillales,Listeria_monocytogenes,,,
136,Thermoactinomyces sp.,Terrabacteria_group,Bacillota,Bacilli,Bacillales,,,,
137,Paenibacillus dendritiformis C454,Terrabacteria_group,Bacillota,Bacilli,Bacillales,Paenibacillus,,,
138,Paenibacillus terrae,Terrabacteria_group,Bacillota,Bacilli,Bacillales,Paenibacillus,,,
139,Paenibacillus ehimensis,Terrabacteria_group,Bacillota,Bacilli,Bacillales,Paenibacillus,,,
140,Paenibacillus thiaminolyticus,Terrabacteria_group,Bacillota,Bacilli,Bacillales,Paenibacillus,,,
141,Paenibacillus polymyxa OSY-DF,Terrabacteria_group,Bacillota,Bacilli,Bacillales,Paenibacillus,Paenibacillus_polymyxa,,
142,Paenibacillus polymyxa ATCC 842,Terrabacteria_group,Bacillota,Bacilli,Bacillales,Paenibacillus,Paenibacillus_polymyxa,,
143,Paenibacillus polymyxa E681,Terrabacteria_group,Bacillota,Bacilli,Bacillales,Paenibacillus,Paenibacillus_polymyxa,,
144,Halalkalibacterium halodurans C-125,Terrabacteria_group,Bacillota,Bacilli,Bacillales,Bacillaceae,,,
145,Geobacillus thermodenitrificans NG80-2,Terrabacteria_group,Bacillota,Bacilli,Bacillales,Bacillaceae,,,
146,Aeribacillus pallidus,Terrabacteria_group,Bacillota,Bacilli,Bacillales,Bacillaceae,,,
147,Priestia megaterium,Terrabacteria_group,Bacillota,Bacilli,Bacillales,Bacillaceae,,,
148,Weizmannia coagulans,Terrabacteria_group,Bacillota,Bacilli,Bacillales,Bacillaceae,,,
149,Bacillus nakamurai,Terrabacteria_group,Bacillota,Bacilli,Bacillales,Bacillaceae,Bacillus,,
150,Bacillus pumilus ATCC 7061,Terrabacteria_group,Bacillota,Bacilli,Bacillales,Bacillaceae,Bacillus,,
151,Bacillus sp. HIL-Y85/54728,Terrabacteria_group,Bacillota,Bacilli,Bacillales,Bacillaceae,Bacillus,,
152,Bacillus amyloliquefaciens UMAF6639,Terrabacteria_group,Bacillota,Bacilli,Bacillales,Bacillaceae,Bacillus,Bacillus_subtilis_group,Bacillus_amyloliquefaciens_group
153,Bacillus velezensis FZB42,Terrabacteria_group,Bacillota,Bacilli,Bacillales,Bacillaceae,Bacillus,Bacillus_subtilis_group,Bacillus_amyloliquefaciens_group
154,Bacillus subtilis subsp. spizizenii ATCC 6633 = JCM 2499,Terrabacteria_group,Bacillota,Bacilli,Bacillales,Bacillaceae,Bacillus,Bacillus_subtilis_group,
155,Bacillus subtilis subsp. subtilis str. 168,Terrabacteria_group,Bacillota,Bacilli,Bacillales,Bacillaceae,Bacillus,Bacillus_subtilis_group,
156,Bacillus licheniformis,Terrabacteria_group,Bacillota,Bacilli,Bacillales,Bacillaceae,Bacillus,Bacillus_subtilis_group,
157,Bacillus pseudomycoides DSM 12442,Terrabacteria_group,Bacillota,Bacilli,Bacillales,Bacillaceae,Bacillus,Bacillus_cereus_group,
158,Bacillus toyonensis,Terrabacteria_group,Bacillota,Bacilli,Bacillales,Bacillaceae,Bacillus,Bacillus_cereus_group,
159,Bacillus thuringiensis serovar huazhongensis BGSC 4BD1,Terrabacteria_group,Bacillota,Bacilli,Bacillales,Bacillaceae,Bacillus,Bacillus_cereus_group,Bacillus_thuringiensis
160,Bacillus thuringiensis serovar andalousiensis,Terrabacteria_group,Bacillota,Bacilli,Bacillales,Bacillaceae,Bacillus,Bacillus_cereus_group,Bacillus_thuringiensis
161,Bacillus thuringiensis serovar rongseni,Terrabacteria_group,Bacillota,Bacilli,Bacillales,Bacillaceae,Bacillus,Bacillus_cereus_group,Bacillus_thuringiensis
162,Bacillus mycoides,Terrabacteria_group,Bacillota,Bacilli,Bacillales,Bacillaceae,Bacillus,Bacillus_cereus_group,
163,Bacillus cereus BAG2O-1,Terrabacteria_group,Bacillota,Bacilli,Bacillales,Bacillaceae,Bacillus,Bacillus_cereus_group,Bacillus_cereus
164,Bacillus cereus SJ1,Terrabacteria_group,Bacillota,Bacilli,Bacillales,Bacillaceae,Bacillus,Bacillus_cereus_group,Bacillus_cereus
165,Bacillus cereus ATCC 14579,Terrabacteria_group,Bacillota,Bacilli,Bacillales,Bacillaceae,Bacillus,Bacillus_cereus_group,Bacillus_cereus
166,Macrococcus caseolyticus,Terrabacteria_group,Bacillota,Bacilli,Bacillales,Staphylococcaceae,,,
167,Staphylococcus capitis,Terrabacteria_group,Bacillota,Bacilli,Bacillales,Staphylococcaceae,Staphylococcus,,
168,Staphylococcus gallinarum,Terrabacteria_group,Bacillota,Bacilli,Bacillales,Staphylococcaceae,Staphylococcus,,
169,Staphylococcus warneri,Terrabacteria_group,Bacillota,Bacilli,Bacillales,Staphylococcaceae,Staphylococcus,,
170,Staphylococcus hyicus,Terrabacteria_group,Bacillota,Bacilli,Bacillales,Staphylococcaceae,Staphylococcus,,
171,Staphylococcus epidermidis,Terrabacteria_group,Bacillota,Bacilli,Bacillales,Staphylococcaceae,Staphylococcus,,
172,Staphylococcus aureus,Terrabacteria_group,Bacillota,Bacilli,Bacillales,Staphylococcaceae,Staphylococcus,,
173,Carnobacterium maltaromaticum,Terrabacteria_group,Bacillota,Bacilli,Lactobacillales,,,,
174,Enterococcus faecium DO,Terrabacteria_group,Bacillota,Bacilli,Lactobacillales,Enterococcus,,,
175,Enterococcus faecalis,Terrabacteria_group,Bacillota,Bacilli,Lactobacillales,Enterococcus,,,
176,Lactococcus garvieae DCC43,Terrabacteria_group,Bacillota,Bacilli,Lactobacillales,Streptococcaceae,Lactococcus,,
177,Lactococcus sp. QU 12,Terrabacteria_group,Bacillota,Bacilli,Lactobacillales,Streptococcaceae,Lactococcus,,
178,Lactococcus cremoris,Terrabacteria_group,Bacillota,Bacilli,Lactobacillales,Streptococcaceae,Lactococcus,,
179,Lactococcus lactis subsp. lactis,Terrabacteria_group,Bacillota,Bacilli,Lactobacillales,Streptococcaceae,Lactococcus,,
180,Streptococcus macedonicus,Terrabacteria_group,Bacillota,Bacilli,Lactobacillales,Streptococcaceae,Streptococcus,,
181,Streptococcus uberis,Terrabacteria_group,Bacillota,Bacilli,Lactobacillales,Streptococcaceae,Streptococcus,,
182,Streptococcus ferus,Terrabacteria_group,Bacillota,Bacilli,Lactobacillales,Streptococcaceae,Streptococcus,,
183,Streptococcus ratti,Terrabacteria_group,Bacillota,Bacilli,Lactobacillales,Streptococcaceae,Streptococcus,,
184,Streptococcus equinus,Terrabacteria_group,Bacillota,Bacilli,Lactobacillales,Streptococcaceae,Streptococcus,,
185,Streptococcus pyogenes M1 GAS,Terrabacteria_group,Bacillota,Bacilli,Lactobacillales,Streptococcaceae,Streptococcus,,
186,Streptococcus mutans N66,Terrabacteria_group,Bacillota,Bacilli,Lactobacillales,Streptococcaceae,Streptococcus,Streptococcus_mutans,
187,Streptococcus mutans UA159,Terrabacteria_group,Bacillota,Bacilli,Lactobacillales,Streptococcaceae,Streptococcus,Streptococcus_mutans,
188,Streptococcus thermophilus LMD-9,Terrabacteria_group,Bacillota,Bacilli,Lactobacillales,Streptococcaceae,Streptococcus,,
189,Streptococcus suis,Terrabacteria_group,Bacillota,Bacilli,Lactobacillales,Streptococcaceae,Streptococcus,,
190,Streptococcus salivarius,Terrabacteria_group,Bacillota,Bacilli,Lactobacillales,Streptococcaceae,Streptococcus,,
191,Ligilactobacillus salivarius,Terrabacteria_group,Bacillota,Bacilli,Lactobacillales,Lactobacillaceae,,,
192,Latilactobacillus sakei,Terrabacteria_group,Bacillota,Bacilli,Lactobacillales,Lactobacillaceae,,,
193,Lactiplantibacillus plantarum,Terrabacteria_group,Bacillota,Bacilli,Lactobacillales,Lactobacillaceae,,,
194,Lactobacillus paragasseri JV-V03,Terrabacteria_group,Bacillota,Bacilli,Lactobacillales,Lactobacillaceae,Lactobacillus,,
195,Lactobacillus gasseri,Terrabacteria_group,Bacillota,Bacilli,Lactobacillales,Lactobacillaceae,Lactobacillus,,
196,Lactobacillus acidophilus,Terrabacteria_group,Bacillota,Bacilli,Lactobacillales,Lactobacillaceae,Lactobacillus,,
197,Leuconostoc mesenteroides,Terrabacteria_group,Bacillota,Bacilli,Lactobacillales,Lactobacillaceae,,,
198,Ruminococcus flavefaciens FD-1,Terrabacteria_group,Bacillota,Eubacteriales,Oscillospiraceae,,,,
199,Ruminiclostridium cellulolyticum H10,Terrabacteria_group,Bacillota,Eubacteriales,Oscillospiraceae,,,,
200,Clostridium sporogenes ATCC 15579,Terrabacteria_group,Bacillota,Eubacteriales,Clostridium,,,,
201,Clostridium botulinum A str. ATCC 3502,Terrabacteria_group,Bacillota,Eubacteriales,Clostridium,,,,
202,Clostridium estertheticum,Terrabacteria_group,Bacillota,Eubacteriales,Clostridium,,,,
203,Clostridium beijerinckii,Terrabacteria_group,Bacillota,Eubacteriales,Clostridium,,,,
204,[Ruminococcus] gnavus E1,Terrabacteria_group,Bacillota,Eubacteriales,Lachnospiraceae,,,,
205,Blautia obeum,Terrabacteria_group,Bacillota,Eubacteriales,Lachnospiraceae,,,,
206,Butyrivibrio fibrisolvens,Terrabacteria_group,Bacillota,Eubacteriales,Lachnospiraceae,,,,
207,Rubrivivax gelatinosus IL144,Pseudomonadota,Burkholderiales,,,,,,
208,Mycetohabitans rhizoxinica HKI 454,Pseudomonadota,Burkholderiales,Burkholderiaceae,,,,,
209,Burkholderia thailandensis E444,Pseudomonadota,Burkholderiales,Burkholderiaceae,Burkholderia,,,,
210,Burkholderia ubonensis,Pseudomonadota,Burkholderiales,Burkholderiaceae,Burkholderia,,,,
211,Acinetobacter gyllenbergii CIP 110306 = MTCC 11365,Pseudomonadota,Gammaproteobacteria,,,,,,
212,Halomonas anticariensis FP35 = DSM 16096,Pseudomonadota,Gammaproteobacteria,,,,,,
213,Grimontia marina,Pseudomonadota,Gammaproteobacteria,,,,,,
214,Pseudomonas syringae pv. maculicola str. ES4326,Pseudomonadota,Gammaproteobacteria,,,,,,
215,Lysobacter antibioticus,Pseudomonadota,Gammaproteobacteria,Xanthomonadaceae,,,,,
216,Xanthomonas hortorum ATCC 19865,Pseudomonadota,Gammaproteobacteria,Xanthomonadaceae,Xanthomonas,,,,
217,Xanthomonas oryzae pv. oryzae,Pseudomonadota,Gammaproteobacteria,Xanthomonadaceae,Xanthomonas,,,,
218,Thalassomonas actiniarum,Pseudomonadota,Gammaproteobacteria,Alteromonadales,,,,,
219,Pseudoalteromonas rubra,Pseudomonadota,Gammaproteobacteria,Alteromonadales,,,,,
220,Alteromonas sp. B-10-31,Pseudomonadota,Gammaproteobacteria,Alteromonadales,,,,,
221,Klebsiella pneumoniae RYC492,Pseudomonadota,Gammaproteobacteria,Enterobacterales,Enterobacteriaceae,Klebsiella_pneumoniae,,,
222,Klebsiella pneumoniae subsp. ozaenae,Pseudomonadota,Gammaproteobacteria,Enterobacterales,Enterobacteriaceae,Klebsiella_pneumoniae,,,
223,Escherichia coli chi7122,Pseudomonadota,Gammaproteobacteria,Enterobacterales,Enterobacteriaceae,Escherichia_coli,,,
224,Escherichia coli Nissle 1917,Pseudomonadota,Gammaproteobacteria,Enterobacterales,Enterobacteriaceae,Escherichia_coli,,,
225,Pantoea agglomerans,Pseudomonadota,Gammaproteobacteria,Enterobacterales,,,,,
226,Pseudophaeobacter arcticus DSM 23566,Pseudomonadota,Alphaproteobacteria,,,,,,
227,Asticcacaulis excentricus CB 48,Pseudomonadota,Alphaproteobacteria,Caulobacteraceae,,,,,
228,Caulobacter segnis ATCC 21756,Pseudomonadota,Alphaproteobacteria,Caulobacteraceae,Caulobacter,,,,
229,Caulobacter sp. K31,Pseudomonadota,Alphaproteobacteria,Caulobacteraceae,Caulobacter,,,,
230,Sphingobium indicum UT26S,Pseudomonadota,Alphaproteobacteria,Sphingomonadaceae,,,,,
231,Novosphingobium subterraneum,Pseudomonadota,Alphaproteobacteria,Sphingomonadaceae,,,,,
232,Methylosinus trichosporium OB3b,Pseudomonadota,Alphaproteobacteria,Hyphomicrobiales,Methylosinus,,,,
233,Methylosinus sp. LW3,Pseudomonadota,Alphaproteobacteria,Hyphomicrobiales,Methylosinus,,,,
234,Rhizobium sp. Pop5,Pseudomonadota,Alphaproteobacteria,Hyphomicrobiales,Rhizobium,,,,
235,Rhizobium leguminosarum,Pseudomonadota,Alphaproteobacteria,Hyphomicrobiales,Rhizobium,,,,
236,Pyxidicoccus fallax,Myxococcota,Myxococcaceae,,,,,,
237,Myxococcus xanthus DK 1622,Myxococcota,Myxococcaceae,,,,,,
238,Chondromyces crocatus,Myxococcota,,,,,,,
